{"count":1,"self":169.960128,"total":186.761487,"children":{"InitializeActuators":{"count":1,"self":0.001784,"total":0.001784,"children":null},"InitializeSensors":{"count":1,"self":0.00077699999999999991,"total":0.00077699999999999991,"children":null},"AgentSendState":{"count":9178,"self":0.13406099999999999,"total":0.25027699999999997,"children":{"CollectObservations":{"count":1838,"self":0.012053999999999999,"total":0.012053999999999999,"children":null},"WriteActionMask":{"count":1838,"self":0.011930999999999999,"total":0.011930999999999999,"children":null},"RequestDecision":{"count":1838,"self":0.02387,"total":0.092231,"children":{"AgentInfo.ToProto":{"count":1838,"self":0.030643,"total":0.068360999999999991,"children":{"GenerateSensorData":{"count":1838,"self":0.037718,"total":0.037718,"children":null}}}}}}},"DecideAction":{"count":9178,"self":16.4288096,"total":16.42881,"children":null},"AgentAct":{"count":9178,"self":0.11827,"total":0.11827,"children":null}},"gauges":{},"metadata":{"timer_format_version":"0.1.0","start_time_seconds":"1619300463","unity_version":"2020.3.1f1","command_line_arguments":"\/home\/user\/Desktop\/simple_circle_noWPS\/sim\/simulation-v0.2.x86_64 --mlagents-port 5006","communication_protocol_version":"1.3.0","com.unity.ml-agents_version":"1.7.2-preview","scene_name":"SimpleCircleNoWPs","end_time_seconds":"1619300650"}}