{"count":1,"self":3.735514,"total":17.440689,"children":{"InitializeActuators":{"count":1,"self":0.0035229999999999997,"total":0.0035229999999999997,"children":null},"InitializeSensors":{"count":1,"self":0.000774,"total":0.000774,"children":null},"AgentSendState":{"count":2898,"self":0.027021999999999997,"total":0.068721999999999991,"children":{"CollectObservations":{"count":585,"self":0.016163999999999998,"total":0.016163999999999998,"children":null},"WriteActionMask":{"count":585,"self":0.002103,"total":0.002103,"children":null},"RequestDecision":{"count":585,"self":0.006535,"total":0.023433,"children":{"AgentInfo.ToProto":{"count":585,"self":0.007324,"total":0.016898,"children":{"GenerateSensorData":{"count":585,"self":0.009574,"total":0.009574,"children":null}}}}}}},"DecideAction":{"count":2898,"self":13.437601599999999,"total":13.437600999999999,"children":null},"AgentAct":{"count":2898,"self":0.192439,"total":0.192595,"children":{"AgentInfo.ToProto":{"count":9,"self":7.0999999999999991E-05,"total":0.000156,"children":{"GenerateSensorData":{"count":9,"self":8.4999999999999993E-05,"total":8.4999999999999993E-05,"children":null}}}}}},"gauges":{"DriftBehavior.CumulativeReward":{"count":9,"max":0.149915159,"min":-0.0489116237,"runningAverage":0.0325743668,"value":-0.01700598,"weightedAverage":0.04159253}},"metadata":{"timer_format_version":"0.1.0","start_time_seconds":"1612728432","unity_version":"2020.2.0f1","command_line_arguments":"\/home\/user\/Desktop\/Drifting-with-RL\/AI\/..\/Simulation executables\/linux_x86_64\/simulation-v0.1.x86_64 --mlagents-port 5006","communication_protocol_version":"1.3.0","com.unity.ml-agents_version":"1.7.2-preview","scene_name":"SampleScene","end_time_seconds":"1612728450"}}