{"count":1,"self":675.16456959999994,"total":749.4716,"children":{"InitializeActuators":{"count":1,"self":0.0015689999999999999,"total":0.0015689999999999999,"children":null},"InitializeSensors":{"count":1,"self":0.000682,"total":0.000682,"children":null},"AgentSendState":{"count":36613,"self":0.518551,"total":1.38581,"children":{"CollectObservations":{"count":7330,"self":0.468236,"total":0.468236,"children":null},"WriteActionMask":{"count":7330,"self":0.046307999999999995,"total":0.046307999999999995,"children":null},"RequestDecision":{"count":7330,"self":0.094422999999999993,"total":0.352715,"children":{"AgentInfo.ToProto":{"count":7330,"self":0.110968,"total":0.25829199999999997,"children":{"GenerateSensorData":{"count":7330,"self":0.14732399999999998,"total":0.14732399999999998,"children":null}}}}}}},"DecideAction":{"count":36613,"self":68.718144,"total":68.718141,"children":null},"AgentAct":{"count":36613,"self":4.199206,"total":4.199443,"children":{"AgentInfo.ToProto":{"count":8,"self":0.00010499999999999999,"total":0.000237,"children":{"GenerateSensorData":{"count":8,"self":0.00013199999999999998,"total":0.00013199999999999998,"children":null}}}}}},"gauges":{"DriftBehavior.CumulativeReward":{"count":8,"max":73.185,"min":0.7997662,"runningAverage":46.7671928,"value":50.8899574,"weightedAverage":46.5028534}},"metadata":{"timer_format_version":"0.1.0","start_time_seconds":"1618473860","unity_version":"2020.3.1f1","command_line_arguments":"\/home\/user\/Desktop\/KI-labTrain_randomFritcionRESULT\/sim\/simulation-v0.2.x86_64 --mlagents-port 5006","communication_protocol_version":"1.3.0","com.unity.ml-agents_version":"1.7.2-preview","scene_name":"SampleScene","end_time_seconds":"1618474609"}}